source_url	source_url_normalized	ref	fact	bias
https://crooked.com	crooked.com	https://mediabiasfactcheck.com/crooked-media/	high	left
http://deepleftfield.info	deepleftfield.info	https://mediabiasfactcheck.com/deep-left-field/	mixed	left
https://antifascistnews.net	antifascistnews.net	https://mediabiasfactcheck.com/anti-fascist-news/	high	left
http://www.cnn.com	cnn.com	http://mediabiasfactcheck.com/cnn/	mixed	left
http://www.allthatsfab.com	allthatsfab.com	http://mediabiasfactcheck.com/all-thats-fab/	mixed	left
http://www.dailykos.com	dailykos.com	http://mediabiasfactcheck.com/daily-kos/	mixed	left
http://deepstatenation.com	deepstatenation.com	https://mediabiasfactcheck.com/deepstatenation-com/	mixed	left
http://crooksandliars.com	crooksandliars.com	http://mediabiasfactcheck.com/crooks-and-liars/	mixed	left
https://www.autostraddle.com	autostraddle.com	https://mediabiasfactcheck.com/autostraddle/	high	left
http://www.codepink.org	codepink.org	https://mediabiasfactcheck.com/code-pink/	mixed	left
http://www.bluedotdaily.com	bluedotdaily.com	http://mediabiasfactcheck.com/blue-dot-daily/	mixed	left
http://www.alternet.org	alternet.org	http://mediabiasfactcheck.com/alternet/	mixed	left
http://www.mirror.co.uk	mirror.co.uk	http://mediabiasfactcheck.com/daily-mirror/	mixed	left
https://democracychronicles.org	democracychronicles.org	https://mediabiasfactcheck.com/democracy-chronicles/	high	left
https://www.currentaffairs.org	currentaffairs.org	http://mediabiasfactcheck.com/current-affairs-magazine/	high	left
http://bluenationreview.com	bluenationreview.com	http://mediabiasfactcheck.com/blue-nation-review/	mixed	left
http://www.commondreams.org	commondreams.org	http://mediabiasfactcheck.com/common-dreams/	high	left
http://aidc.org.za/amandla-media	aidc.org.za	http://mediabiasfactcheck.com/amandla/	high	left
http://addictinginfo.com	addictinginfo.com	http://mediabiasfactcheck.com/addicting-info/	mixed	left
https://democracyguardian.com	democracyguardian.com	https://mediabiasfactcheck.com/democracy-guardian/	mixed	left
https://www.americanprogress.org	americanprogress.org	http://mediabiasfactcheck.com/center-for-american-progress/	high	left
http://www.citypaper.com	citypaper.com	https://mediabiasfactcheck.com/baltimore-city-paper/	mixed	left
http://www.curvemag.com	curvemag.com	https://mediabiasfactcheck.com/curve-magazine/	high	left
bluestatedaily.com	bluestatedaily.com	https://mediabiasfactcheck.com/blue-state-daily/	mixed	left
http://www.dailyrecord.co.uk	dailyrecord.co.uk	https://mediabiasfactcheck.com/daily-record-scotland/	mixed	left
http://www.advocate.com	advocate.com	http://mediabiasfactcheck.com/advocate/	high	left
http://americablog.com	americablog.com	http://mediabiasfactcheck.com/americablog/	high	left
http://www.democracynow.org	democracynow.org	http://mediabiasfactcheck.com/democracy-now/	high	left
http://www.prwatch.org/cmd	prwatch.org	http://mediabiasfactcheck.com/center-for-media-and-democracy/	high	left
http://boingboing.net	boingboing.net	http://mediabiasfactcheck.com/boing-boing/	high	left
http://www.daily49er.com	daily49er.com	https://mediabiasfactcheck.com/daily-49er/	high	left
http://www.cosmopolitan.com	cosmopolitan.com	http://mediabiasfactcheck.com/cosmopolitan/	high	left
http://www.ebar.com	ebar.com	http://mediabiasfactcheck.com/bay-area-reporter/	high	left
http://www.dallasvoice.com	dallasvoice.com	http://mediabiasfactcheck.com/dallas-voice/	high	left
https://www.dissentmagazine.org	dissentmagazine.org	http://mediabiasfactcheck.com/dissent-magazine/	high	left
http://www.democraticunderground.com	democraticunderground.com	http://mediabiasfactcheck.com/democratic-underground/	mixed	left
https://americanbridgepac.org	americanbridgepac.org	http://mediabiasfactcheck.com/american-bridge-21st-century/	mixed	left
http://www.countercurrents.org	countercurrents.org	http://mediabiasfactcheck.com/countercurrents-org/	high	left
http://www.thedailybeast.com	thedailybeast.com	http://mediabiasfactcheck.com/daily-beast/	high	left
https://deadspin.com	deadspin.com	https://mediabiasfactcheck.com/deadspin/	high	left
afj.org	afj.org	https://mediabiasfactcheck.com/alliance-for-justice-afj/	high	left
https://www.desmogblog.com	desmogblog.com	http://mediabiasfactcheck.com/desmog/	high	left
https://www.change.org	change.org	http://mediabiasfactcheck.com/change-org/	high	left
http://www.drudge.com	drudge.com	http://mediabiasfactcheck.com/drudge-retort/	mixed	left
https://bitchmedia.org	bitchmedia.org	http://mediabiasfactcheck.com/bitch-media/	high	left
http://deadstate.org	deadstate.org	http://mediabiasfactcheck.com/dead-state/	high	left
http://elitedaily.com	elitedaily.com	http://mediabiasfactcheck.com/elite-daily/	mixed	left
http://www.au.org	au.org	https://mediabiasfactcheck.com/american-united-separation-church-state/	high	left
http://www.counterpunch.org	counterpunch.org	http://mediabiasfactcheck.com/counterpunch/	high	left
http://www.chicagoreader.com	chicagoreader.com	http://mediabiasfactcheck.com/chicago-reader/	high	left
http://blackagendareport.com	blackagendareport.com	http://mediabiasfactcheck.com/black-agenda-report/	high	left
angrywhitemen.org	angrywhitemen.org	https://mediabiasfactcheck.com/angry-white-men/	high	left
http://www.esquire.com	esquire.com	http://mediabiasfactcheck.com/esquire-magazine/	high	left
http://earthfirstjournal.org	earthfirstjournal.org	http://mediabiasfactcheck.com/earth-first-journal/	mixed	left
http://filmingcops.com	filmingcops.com	http://mediabiasfactcheck.com/filming-cops/	high	left
https://crimethinc.com	crimethinc.com	http://mediabiasfactcheck.com/crimethinc/	high	left
http://everydayfeminism.com	everydayfeminism.com	http://mediabiasfactcheck.com/everyday-feminism/	high	left
http://www.firstpost.com	firstpost.com	https://mediabiasfactcheck.com/first-post/	high	left
https://www.greenleft.org.au	greenleft.org.au	https://mediabiasfactcheck.com/green-left-weekly/	mixed	left
https://citizencritics.org	citizencritics.org	https://mediabiasfactcheck.com/citizen-critics/	high	left
http://gizmodo.com	gizmodo.com	http://mediabiasfactcheck.com/gizmodo/	high	left
https://www.marxist.com	marxist.com	https://mediabiasfactcheck.com/in-defence-of-marxism/	high	left
http://bust.com	bust.com	http://mediabiasfactcheck.com/bust-magazine/	high	left
https://egbertowillies.com	egbertowillies.com	https://mediabiasfactcheck.com/egbertowillies/	high	left
http://evonomics.com	evonomics.com	http://mediabiasfactcheck.com/evonomics/	high	left
https://www.foreignpolicyjournal.com	foreignpolicyjournal.com	https://mediabiasfactcheck.com/foreign-policy-journal/	mixed	left
https://iowastartingline.com	iowastartingline.com	https://mediabiasfactcheck.com/iowa-starting-line/	high	left
http://www.greenvillegazette.com	greenvillegazette.com	http://mediabiasfactcheck.com/greenville-gazette/	high	left
https://leftfootforward.org	leftfootforward.org	http://mediabiasfactcheck.com/left-foot-forward/	high	left
http://ir.net	ir.net	https://mediabiasfactcheck.com/independent-reporter-ir-net/	mixed	left
https://extranewsfeed.com	extranewsfeed.com	https://mediabiasfactcheck.com/extranewsfeed/	mixed	left
http://foreignpolicynews.org	foreignpolicynews.org	https://mediabiasfactcheck.com/foreign-policy-news/	mixed	left
https://canadiandimension.com	canadiandimension.com	http://mediabiasfactcheck.com/canadian-dimension/	high	left
https://itsgoingdown.org	itsgoingdown.org	https://mediabiasfactcheck.com/its-going-down/	mixed	left
https://globalvoices.org	globalvoices.org	https://mediabiasfactcheck.com/global-voices/	high	left
https://www.electoral-vote.com	electoral-vote.com	https://mediabiasfactcheck.com/electoral-vote-com/	high	left
http://leftoverrights.com	leftoverrights.com	http://mediabiasfactcheck.com/left-over-rights/	mixed	left
https://www.inequalitymedia.org	inequalitymedia.org	http://mediabiasfactcheck.com/inequality-media/	high	left
http://www.feministcurrent.com	feministcurrent.com	https://mediabiasfactcheck.com/feminist-current/	high	left
http://www.liberalamerica.org	liberalamerica.org	http://mediabiasfactcheck.com/liberal-america/	mixed	left
https://www.jacobinmag.com	jacobinmag.com	http://mediabiasfactcheck.com/jacobin/	high	left
https://electronicintifada.net	electronicintifada.net	http://mediabiasfactcheck.com/electronic-intifada/	high	left
http://guardianlv.com	guardianlv.com	http://mediabiasfactcheck.com/guardian-liberty-voice/	high	left
https://www.juancole.com	juancole.com	https://mediabiasfactcheck.com/informed-comment/	high	left
http://www.dailydot.com	dailydot.com	http://mediabiasfactcheck.com/daily-dot/	high	left
https://www.liberalexaminer.com	liberalexaminer.com	https://mediabiasfactcheck.com/liberal-examiner/	mixed	left
http://jezebel.com	jezebel.com	http://mediabiasfactcheck.com/jezebel/	mixed	left
https://www.good.is	good.is	http://mediabiasfactcheck.com/good-magazine/	high	left
http://freepress.org	freepress.org	https://mediabiasfactcheck.com/free-press-2/	high	left
https://theguardiansofdemocracy.com	theguardiansofdemocracy.com	https://mediabiasfactcheck.com/guardians-of-democracy/	high	left
http://feministing.com	feministing.com	https://mediabiasfactcheck.com/feministing/	high	left
http://www.ips-dc.org	ips-dc.org	https://mediabiasfactcheck.com/institute-policy-studies/	high	left
http://samuel-warde.com	samuel-warde.com	http://mediabiasfactcheck.com/liberals-unite-samuel-warde/	mixed	left
http://www.mediaite.com	mediaite.com	http://mediabiasfactcheck.com/mediaite/	high	left
http://frnewsreport.com	frnewsreport.com	https://mediabiasfactcheck.com/free-rein-report/	high	left
http://www.leftvoice.org	leftvoice.org	https://mediabiasfactcheck.com/left-voice/	high	left
https://www.fifthestate.org	fifthestate.org	http://mediabiasfactcheck.com/fifth-estate/	high	left
http://mondoweiss.net	mondoweiss.net	http://mediabiasfactcheck.com/mondoweiss/	high	left
https://www.liberationnews.org	liberationnews.org	http://mediabiasfactcheck.com/liberation-news/	high	left
http://www.lavendermagazine.com	lavendermagazine.com	http://mediabiasfactcheck.com/lavender-magazine/	high	left
https://freedomnews.org.uk	freedomnews.org.uk	https://mediabiasfactcheck.com/freedom-news-and-journal/	high	left
http://www.moonofalabama.org	moonofalabama.org	https://mediabiasfactcheck.com/moon-of-alabama/	mixed	left
http://mediamatters.org	mediamatters.org	http://mediabiasfactcheck.com/media-matters/	high	left
http://www.huffingtonpost.com	huffingtonpost.com	http://mediabiasfactcheck.com/huffington-post/	high	left
http://www.gq.com	gq.com	http://mediabiasfactcheck.com/gq-magazine/	high	left
https://newint.org	newint.org	http://mediabiasfactcheck.com/new-internationalist/	high	left
http://littlegreenfootballs.com	littlegreenfootballs.com	http://mediabiasfactcheck.com/little-green-footballs/	mixed	left
http://inthesetimes.com	inthesetimes.com	http://mediabiasfactcheck.com/in-these-times/	high	left
hrc.org	hrc.org	https://mediabiasfactcheck.com/human-rights-campaign/	high	left
http://www.lgbtqnation.com	lgbtqnation.com	http://mediabiasfactcheck.com/lgbtq-nation/	high	left
http://www.motherjones.com	motherjones.com	http://mediabiasfactcheck.com/mother-jones/	high	left
http://www.bradford-delong.com	bradford-delong.com	https://mediabiasfactcheck.com/grasping-reality-hands-bradford-delong/	high	left
https://meduza.io/en	meduza.io	https://mediabiasfactcheck.com/meduza/	high	left
http://newpol.org	newpol.org	http://mediabiasfactcheck.com/new-politics-magazine/	high	left
http://www.pinknews.co.uk/home	pinknews.co.uk	http://mediabiasfactcheck.com/pink-news/	high	left
http://www.newsweek.com	newsweek.com	http://mediabiasfactcheck.com/newsweek/	mixed	left
https://www.progressiveliberal.net	progressiveliberal.net	https://mediabiasfactcheck.com/progressive-liberal/	mixed	left
http://front.moveon.org	front.moveon.org	http://mediabiasfactcheck.com/move-on/	mixed	left
http://libcom.org	libcom.org	https://mediabiasfactcheck.com/libcom-org/	high	left
https://newrepublic.com	newrepublic.com	http://mediabiasfactcheck.com/new-republic/	high	left
https://www.merryjane.com	merryjane.com	http://mediabiasfactcheck.com/merry-jane/	high	left
http://politicaldig.com	politicaldig.com	https://mediabiasfactcheck.com/political-dig/	mixed	left
north99.org	north99.org	https://mediabiasfactcheck.com/north99/	high	left
http://mashable.com	mashable.com	http://mediabiasfactcheck.com/mashable/	high	left
http://www.msmagazine.com	msmagazine.com	http://mediabiasfactcheck.com/ms-magazine/	high	left
http://www.palmerreport.com	palmerreport.com	http://mediabiasfactcheck.com/palmer-report/	mixed	left
http://www.miaminewtimes.com	miaminewtimes.com	http://mediabiasfactcheck.com/miami-new-times-2/	high	left
resilience.org	resilience.org	https://mediabiasfactcheck.com/resilience-post-carbon-institute/	mixed	left
http://projectcensored.org	projectcensored.org	https://mediabiasfactcheck.com/project-censored/	high	left
http://www.rawstory.com	rawstory.com	http://mediabiasfactcheck.com/raw-story/	mixed	left
http://meanlefthook.com	meanlefthook.com	http://mediabiasfactcheck.com/mean-left-hook/	mixed	left
http://www.msnbc.com	msnbc.com	http://mediabiasfactcheck.com/msnbc/	mixed	left
http://www.newstatesman.com	newstatesman.com	http://mediabiasfactcheck.com/new-statesman/	high	left
https://www.pastemagazine.com	pastemagazine.com	http://mediabiasfactcheck.com/paste-magazine/	high	left
http://proudemocrat.com	proudemocrat.com	http://mediabiasfactcheck.com/proud-democrat/	mixed	left
https://www.middleeastmonitor.com	middleeastmonitor.com	http://mediabiasfactcheck.com/middle-east-monitor/	mixed	left
https://nowtoronto.com	nowtoronto.com	https://mediabiasfactcheck.com/now-magazine/	high	left
http://www.readingthepictures.org	readingthepictures.org	https://mediabiasfactcheck.com/reading-the-pictures/	high	left
http://www.salon.com	salon.com	http://mediabiasfactcheck.com/salon/	high	left
https://rewire.news	rewire.news	http://mediabiasfactcheck.com/rewire/	high	left
http://www.politicususa.com	politicususa.com	http://mediabiasfactcheck.com/politicususa/	high	left
http://nymag.com	nymag.com	http://mediabiasfactcheck.com/new-york-magazine/	high	left
http://readersupportednews.org	readersupportednews.org	https://mediabiasfactcheck.com/reader-supported-news-rsn/	mixed	left
http://www.peacock-panache.com	peacock-panache.com	https://mediabiasfactcheck.com/peacock-panache/	high	left
http://www.scarymommy.com	scarymommy.com	http://mediabiasfactcheck.com/scary-mommy/	high	left
http://modernliberals.com	modernliberals.com	http://mediabiasfactcheck.com/modern-liberals/	mixed	left
http://revcom.us	revcom.us	http://mediabiasfactcheck.com/revcom-us/	mixed	left
https://popularresistance.org	popularresistance.org	https://mediabiasfactcheck.com/popular-resistance/	mixed	left
http://www.newyorker.com	newyorker.com	http://mediabiasfactcheck.com/new-yorker/	high	left
http://www.pfaw.org	pfaw.org	https://mediabiasfactcheck.com/people-american-way-pfaw/	high	left
https://www.queerty.com	queerty.com	https://mediabiasfactcheck.com/queerty/	high	left
http://www.redpepper.org.uk	redpepper.org.uk	http://mediabiasfactcheck.com/red-pepper/	high	left
http://www.molad.org/en	molad.org	https://mediabiasfactcheck.com/molad-center-renewal-israeli-democracy/	high	left
onegreenplanet.org	onegreenplanet.org	https://mediabiasfactcheck.com/one-green-planet/	mixed	left
http://reverbpress.news	reverbpress.news	http://mediabiasfactcheck.com/reverb-press/	high	left
https://shadowproof.com	shadowproof.com	https://mediabiasfactcheck.com/shadow-proof/	high	left
http://people.com/politics	people.com	http://mediabiasfactcheck.com/people-magazine/	high	left
http://www.sourcewatch.org/	sourcewatch.org	http://mediabiasfactcheck.com/sourcewatch/	high	left
https://www.opednews.com	opednews.com	http://mediabiasfactcheck.com/opednews-oen/	mixed	left
http://rabble.ca	rabble.ca	http://mediabiasfactcheck.com/rabble-ca/	high	left
http://shareblue.com	shareblue.com	http://mediabiasfactcheck.com/shareblue/	mixed	left
http://www.pravdareport.com	pravdareport.com	http://mediabiasfactcheck.com/pravda-report/	mixed	left
http://americanindependent.com	americanindependent.com	https://mediabiasfactcheck.com/american-independent-institute/	high	left
http://www.newshounds.us	newshounds.us	http://mediabiasfactcheck.com/newshounds/	mixed	left
https://photographyisnotacrime.com	photographyisnotacrime.com	http://mediabiasfactcheck.com/pinac/	high	left
https://rantt.com	rantt.com	https://mediabiasfactcheck.com/rantt-media/	high	left
http://www.slate.com	slate.com	http://mediabiasfactcheck.com/slate/	high	left
https://www.pressprogress.ca	pressprogress.ca	http://mediabiasfactcheck.com/press-progress/	high	left
https://splinternews.com	splinternews.com	https://mediabiasfactcheck.com/splinter/	mixed	left
http://the-daily.buzz	the-daily.buzz	http://mediabiasfactcheck.com/the-daily-buzz/	high	left
http://www.smirkingchimp.com	smirkingchimp.com	https://mediabiasfactcheck.com/smirking-chimp/	high	left
https://redyouth.org	redyouth.org	https://mediabiasfactcheck.com/red-youth/	mixed	left
http://www.rappler.com	rappler.com	http://mediabiasfactcheck.com/rappler/	mixed	left
http://prospect.org	prospect.org	http://mediabiasfactcheck.com/the-american-prospect/	high	left
http://www.rightwingwatch.org	rightwingwatch.org	http://mediabiasfactcheck.com/right-wing-watch/	mixed	left
http://www.nationofchange.org	nationofchange.org	http://mediabiasfactcheck.com/nation-of-change/	mixed	left
http://progressivearmy.com	progressivearmy.com	https://mediabiasfactcheck.com/progressive-army/	high	left
http://republicanssucks.org	republicanssucks.org	https://mediabiasfactcheck.com/republicans-suck/	mixed	left
http://www.worldsocialism.org/spgb	worldsocialism.org	http://mediabiasfactcheck.com/socialist-standard/	high	left
https://www.thedailyvox.co.za	thedailyvox.co.za	http://mediabiasfactcheck.com/the-daily-vox/	high	left
http://www.nationalmemo.com	nationalmemo.com	http://mediabiasfactcheck.com/the-national-memo/	high	left
https://www.austinchronicle.com	austinchronicle.com	https://mediabiasfactcheck.com/the-austin-chronicle/	high	left
https://trofire.com	trofire.com	http://mediabiasfactcheck.com/ring-of-fire/	high	left
http://www.towleroad.com	towleroad.com	http://mediabiasfactcheck.com/towleroad/	mixed	left
http://thelasource.com/	thelasource.com	https://mediabiasfactcheck.com/source-newspaper-la-source/	high	left
http://www.democratichub.com	democratichub.com	http://mediabiasfactcheck.com/the-democratic-hub/	mixed	left
https://socialistworker.org	socialistworker.org	https://mediabiasfactcheck.com/socialistworker-org/	high	left
http://www.thenewcivilrightsmovement.com	thenewcivilrightsmovement.com	http://mediabiasfactcheck.com/the-new-civil-rights-movement/	mixed	left
https://thesternfacts.com	thesternfacts.com	https://mediabiasfactcheck.com/the-stern-facts/	mixed	left
http://talkingpointsmemo.com	talkingpointsmemo.com	http://mediabiasfactcheck.com/talking-points-memo/	high	left
http://www.vanityfair.com	vanityfair.com	http://mediabiasfactcheck.com/vanity-fair/	high	left
https://theestablishment.co	theestablishment.co	https://mediabiasfactcheck.com/the-establishment/	high	left
http://www.workers.org	workers.org	https://mediabiasfactcheck.com/workers-world/	mixed	left
http://www.theburningspear.com	theburningspear.com	https://mediabiasfactcheck.com/the-burning-spear/	high	left
http://other98.com	other98.com	http://mediabiasfactcheck.com/the-other-98/	mixed	left
https://www.thelondoneconomic.com	thelondoneconomic.com	https://mediabiasfactcheck.com/the-london-economic/	mixed	left
http://washingtonmonthly.com	washingtonmonthly.com	http://mediabiasfactcheck.com/washington-monthly/	high	left
http://www.villagevoice.com	villagevoice.com	http://mediabiasfactcheck.com/the-village-voice/	high	left
http://verifiedpolitics.com	verifiedpolitics.com	https://mediabiasfactcheck.com/verified-politics/	high	left
http://www.takepart.com	takepart.com	http://mediabiasfactcheck.com/takepart/	high	left
https://thefloridasqueeze.com	thefloridasqueeze.com	https://mediabiasfactcheck.com/the-florida-squeeze/	mixed	left
wsws.org	wsws.org	http://mediabiasfactcheck.com/world-socialist-web-site/	high	left
https://theoutline.com	theoutline.com	https://mediabiasfactcheck.com/the-outline/	high	left
https://www.themarysue.com	themarysue.com	https://mediabiasfactcheck.com/the-mary-sue/	high	left
http://washingtonpress.com	washingtonpress.com	https://mediabiasfactcheck.com/washington-press/	mixed	left
http://www.thecanary.co	thecanary.co	http://mediabiasfactcheck.com/the-canary-uk/	high	left
http://www.truthdig.com	truthdig.com	http://mediabiasfactcheck.com/truthdig/	high	left
https://thewalrus.ca	thewalrus.ca	http://mediabiasfactcheck.com/the-walrus/	high	left
http://www.thefrisky.com	thefrisky.com	http://mediabiasfactcheck.com/the-frisky/	high	left
http://www.yesmagazine.org	yesmagazine.org	https://mediabiasfactcheck.com/yes-magazine/	high	left
http://www.progressive.org	progressive.org	http://mediabiasfactcheck.com/the-progressive/	high	left
http://www.themilitant.com	themilitant.com	http://mediabiasfactcheck.com/the-militant/	high	left
http://www.truth-out.org	truth-out.org	http://mediabiasfactcheck.com/truth-out/	mixed	left
https://www.climaterealityproject.org	climaterealityproject.org	http://mediabiasfactcheck.com/the-climate-reality-project/	high	left
progressivefrontier.com	progressivefrontier.com	https://mediabiasfactcheck.com/the-progressive-frontier/	mixed	left
https://wearyourvoicemag.com	wearyourvoicemag.com	https://mediabiasfactcheck.com/wear-your-voice/	high	left
http://www.morningstaronline.co.uk	morningstaronline.co.uk	http://mediabiasfactcheck.com/the-morning-star/	high	left
https://worldcantwait.net	worldcantwait.net	https://mediabiasfactcheck.com/world-cant-wait/	high	left
http://uproxx.com	uproxx.com	http://mediabiasfactcheck.com/uproxx/	high	left
http://thegrio.com	thegrio.com	http://mediabiasfactcheck.com/thegrio/	high	left
http://www.samefacts.com	samefacts.com	https://mediabiasfactcheck.com/reality-based-community/	high	left
http://thedailybanter.com	thedailybanter.com	http://mediabiasfactcheck.com/the-daily-banter/	high	left
https://www.thenation.com	thenation.com	http://mediabiasfactcheck.com/the-nation/	high	left
https://www.upworthy.com	upworthy.com	http://mediabiasfactcheck.com/upworthy/	high	left
https://zcomm.org/zmag	zcomm.org	http://mediabiasfactcheck.com/z-magazine/	high	left
http://www.theroot.com	theroot.com	http://mediabiasfactcheck.com/the-root/	high	left
http://www.vox.com	vox.com	http://mediabiasfactcheck.com/vox/	high	left
https://whowhatwhy.org	whowhatwhy.org	https://mediabiasfactcheck.com/who-what-why/	mixed	left
http://thinkprogress.org	thinkprogress.org	http://mediabiasfactcheck.com/think-progress/	mixed	left
https://this.org	this.org	http://mediabiasfactcheck.com/this-magazine/	high	left
http://wonkette.com	wonkette.com	http://mediabiasfactcheck.com/wonkette/	mixed	left
https://www.amnesty.org/en	amnesty.org	https://mediabiasfactcheck.com/amnesty-international/	high	center
https://ballotpedia.org/Main_Page	ballotpedia.org	http://mediabiasfactcheck.com/ballotpedia/	high	center
http://www.opensecrets.org	opensecrets.org	http://mediabiasfactcheck.com/center-for-responsive-politics-open-secrets/	high	center
http://cookpolitical.com	cookpolitical.com	http://mediabiasfactcheck.com/cook-political-report/	high	center
http://www.albawaba.com	albawaba.com	http://mediabiasfactcheck.com/al-bawaba/	high	center
https://capitolfax.com	capitolfax.com	https://mediabiasfactcheck.com/capitol-fax/	high	center
http://www.680news.com	680news.com	https://mediabiasfactcheck.com/680-news/	high	center
https://www.csis.org	csis.org	http://mediabiasfactcheck.com/center-for-strategic-and-international-studies/	high	center
http://www.anthropocenemagazine.org	anthropocenemagazine.org	http://mediabiasfactcheck.com/conservation-magazine/	high	center
http://bnonews.com	bnonews.com	https://mediabiasfactcheck.com/bno-news/	high	center
http://carnegieendowment.org	carnegieendowment.org	http://mediabiasfactcheck.com/carnegie-endowment-for-international-peace/	high	center
http://eng.majalla.com	eng.majalla.com	http://mediabiasfactcheck.com/al-majalla/	high	center
http://www.abc.net.au/news	abc.net.au	http://mediabiasfactcheck.com/abc-news-australia/	high	center
http://blog.countable.us	blog.countable.us	http://mediabiasfactcheck.com/countable-news/	high	center
concordmonitor.com	concordmonitor.com	https://mediabiasfactcheck.com/concord-monitor/	high	center
https://aptnnews.ca	aptnnews.ca	https://mediabiasfactcheck.com/aptn-news/	high	center
http://www.bridgemi.com	bridgemi.com	http://mediabiasfactcheck.com/bridge-magazine/	high	center
http://www.alreporter.com	alreporter.com	https://mediabiasfactcheck.com/alabama-political-reporter/	high	center
http://news.abs-cbn.com	news.abs-cbn.com	https://mediabiasfactcheck.com/abs-cbn-news/	high	center
https://www.courthousenews.com	courthousenews.com	https://mediabiasfactcheck.com/courthouse-news-service/	high	center
http://www.bangkokpost.com	bangkokpost.com	http://mediabiasfactcheck.com/the-bangkok-post/	high	center
https://azcapitoltimes.com	azcapitoltimes.com	https://mediabiasfactcheck.com/arizona-capitol-times/	high	center
https://altoday.com	altoday.com	https://mediabiasfactcheck.com/alabama-today/	high	center
http://www.castanet.net	castanet.net	http://mediabiasfactcheck.com/castanet/	high	center
https://www.afp.com	afp.com	http://mediabiasfactcheck.com/afp-agence-france-presse/	high	center
https://www.cp24.com	cp24.com	https://mediabiasfactcheck.com/cp24/	high	center
http://www.newsoptimist.ca	newsoptimist.ca	https://mediabiasfactcheck.com/battlefords-news-optimist/	high	center
http://www.chinadaily.com.cn	chinadaily.com.cn	http://mediabiasfactcheck.com/china-daily/	high	center
http://thebulletin.org	thebulletin.org	http://mediabiasfactcheck.com/bulletin-of-the-atomic-scientists/	high	center
http://www.africanews.com	africanews.com	http://mediabiasfactcheck.com/africa-news/	high	center
http://en.bbarta24.net	en.bbarta24.net	http://mediabiasfactcheck.com/bbarta24/	high	center
https://www.aninews.in	aninews.in	https://mediabiasfactcheck.com/asian-news-international-ani/	high	center
https://www.abqjournal.com	abqjournal.com	http://mediabiasfactcheck.com/albuquerque-journal/	high	center
http://www.bullshido.net	bullshido.net	https://mediabiasfactcheck.com/bullshido/	high	center
http://www.belfercenter.org	belfercenter.org	http://mediabiasfactcheck.com/the-belfer-center-for-science-and-international-affairs/	high	center
https://cdt.org	cdt.org	https://mediabiasfactcheck.com/center-democracy-technology/	high	center
http://www.atimes.com	atimes.com	https://mediabiasfactcheck.com/asia-times/	high	center
http://www.darientimes.com	darientimes.com	https://mediabiasfactcheck.com/darien-times/	high	center
https://consortiumnews.com	consortiumnews.com	http://mediabiasfactcheck.com/consortium-news/	high	center
http://www.cgdev.org	cgdev.org	http://mediabiasfactcheck.com/center-for-global-development/	high	center
https://www.bellingcat.com	bellingcat.com	http://mediabiasfactcheck.com/bellingcat/	high	center
http://www.csmonitor.com	csmonitor.com	http://mediabiasfactcheck.com/christian-science-monitor/	high	center
daytondailynews.com	daytondailynews.com	https://mediabiasfactcheck.com/dayton-daily-news/	high	center
http://www.allgov.com	allgov.com	https://mediabiasfactcheck.com/allgov/	high	center
https://constitutioncenter.org	constitutioncenter.org	https://mediabiasfactcheck.com/constitution-daily/	high	center
http://www.business2community.com	business2community.com	https://mediabiasfactcheck.com/business-2-community/	high	center
http://english.ahram.org.eg	english.ahram.org.eg	http://mediabiasfactcheck.com/ahram-online/	high	center
http://www.bettergov.org	bettergov.org	http://mediabiasfactcheck.com/better-government-association/	high	center
http://cityandstateny.com	cityandstateny.com	http://mediabiasfactcheck.com/city-and-state-new-york/	high	center
https://apnews.com	apnews.com	http://mediabiasfactcheck.com/associated-press/	high	center
http://www.defenseone.com	defenseone.com	http://mediabiasfactcheck.com/defense-one/	high	center
http://securingdemocracy.gmfus.org	securingdemocracy.gmfus.org	https://mediabiasfactcheck.com/alliance-securing-democracy/	high	center
https://airwars.org	airwars.org	https://mediabiasfactcheck.com/airwars/	high	center
http://bdnews24.com	bdnews24.com	http://mediabiasfactcheck.com/bdnews24/	high	center
http://www.cnas.org	cnas.org	http://mediabiasfactcheck.com/center-for-a-new-american-security/	high	center
https://www.ced.org	ced.org	http://mediabiasfactcheck.com/committee-for-economic-development/	high	center
http://www.atlanticcouncil.org	atlanticcouncil.org	http://mediabiasfactcheck.com/atlantic-council/	high	center
http://www.americanheritage.com	americanheritage.com	https://mediabiasfactcheck.com/american-heritage/	high	center
http://www.desmoinesregister.com	desmoinesregister.com	http://mediabiasfactcheck.com/the-des-moines-register/	high	center
capecodtimes.com	capecodtimes.com	https://mediabiasfactcheck.com/cape-cod-times/	high	center
https://consumerist.com	consumerist.com	http://mediabiasfactcheck.com/consumerist/	high	center
http://crfb.org	crfb.org	http://mediabiasfactcheck.com/committee-for-a-responsible-federal-budget/	high	center
http://www.afr.com	afr.com	http://mediabiasfactcheck.com/the-australian-financial-review/	high	center
https://www.publicintegrity.org	publicintegrity.org	http://mediabiasfactcheck.com/center-for-public-integrity/	high	center
http://www.dailyrecord.com	dailyrecord.com	http://mediabiasfactcheck.com/daily-record/	high	center
differencebetween.net	differencebetween.net	https://mediabiasfactcheck.com/differencebetween-net/	high	center
http://www.ejinsight.com	ejinsight.com	https://mediabiasfactcheck.com/ej-insight-eji/	high	center
https://www.factwire.org/english	factwire.org	https://mediabiasfactcheck.com/factwire-news-agency/	high	center
https://freewheelus.com	freewheelus.com	https://mediabiasfactcheck.com/free-wheel-media/	high	center
https://www.consumerreports.org	consumerreports.org	https://mediabiasfactcheck.com/consumer-reports/	high	center
http://www.digitaljournal.com	digitaljournal.com	https://mediabiasfactcheck.com/digital-journal/	high	center
http://www.goodnewsnetwork.org	goodnewsnetwork.org	http://mediabiasfactcheck.com/goodnewsnetwork/	high	center
https://www.cambridge.org/core/journals/international-organization	cambridge.org	http://mediabiasfactcheck.com/international-organization/	high	center
https://www.fairobserver.com	fairobserver.com	https://mediabiasfactcheck.com/fair-observer/	high	center
https://fullfact.org	fullfact.org	http://mediabiasfactcheck.com/full-fact-uk/	high	center
http://kff.org	kff.org	http://mediabiasfactcheck.com/kaiser-family-foundation/	high	center
https://www.makeuseof.com	makeuseof.com	https://mediabiasfactcheck.com/makeuseof/	high	center
http://www.idahostatesman.com	idahostatesman.com	https://mediabiasfactcheck.com/idaho-statesman/	high	center
http://www.doctorswithoutborders.org	doctorswithoutborders.org	https://mediabiasfactcheck.com/doctors-without-borders/	high	center
https://news.grabien.com	news.grabien.com	http://mediabiasfactcheck.com/grabien-news/	mixed	center
goerie.com	goerie.com	https://mediabiasfactcheck.com/erie-times-news/	high	center
http://www.gallup.com	gallup.com	http://mediabiasfactcheck.com/gallup/	high	center
http://www.malaysia-today.net	malaysia-today.net	https://mediabiasfactcheck.com/malaysia-today/	mixed	center
http://www.military.com	military.com	https://mediabiasfactcheck.com/military-com/	high	center
http://news.err.ee	news.err.ee	https://mediabiasfactcheck.com/err-news-estonia-public-broadcasting/	high	center
https://www.rescue.org	rescue.org	http://mediabiasfactcheck.com/international-rescue-committee-irc/	high	center
http://knowyourmeme.com	knowyourmeme.com	https://mediabiasfactcheck.com/know-your-meme/	high	center
https://hbr.org	hbr.org	https://mediabiasfactcheck.com/harvard-business-review/	high	center
federalnewsradio.com	federalnewsradio.com	https://mediabiasfactcheck.com/federal-news-radio/	high	center
http://www.eurasiagroup.net	eurasiagroup.net	http://mediabiasfactcheck.com/eurasia-group/	high	center
https://www.imediaethics.org	imediaethics.org	https://mediabiasfactcheck.com/imediaethics/	high	center
http://maplight.org	maplight.org	http://mediabiasfactcheck.com/maplight/	high	center
http://www.investopedia.com	investopedia.com	https://mediabiasfactcheck.com/investopedia/	high	center
knoxnews.com	knoxnews.com	https://mediabiasfactcheck.com/knoxville-news-sentinel/	high	center
https://gbtimes.com	gbtimes.com	https://mediabiasfactcheck.com/gbtimes/	high	center
http://news.harvard.edu/gazette	news.harvard.edu	http://mediabiasfactcheck.com/harvard-gazette/	high	center
http://www.mlive.com	mlive.com	https://mediabiasfactcheck.com/mlive-michigan-booth-newspapers/	high	center
http://www.federaltimes.com	federaltimes.com	http://mediabiasfactcheck.com/federal-times/	high	center
http://www.eurasiareview.com	eurasiareview.com	https://mediabiasfactcheck.com/eurasia-review/	high	center
http://www.marketwatch.com	marketwatch.com	http://mediabiasfactcheck.com/marketwatch/	high	center
https://www.jacksonsun.com	jacksonsun.com	https://mediabiasfactcheck.com/jackson-sun/	high	center
https://leadstories.com	leadstories.com	https://mediabiasfactcheck.com/lead-stories/	high	center
http://www.govexec.com	govexec.com	http://mediabiasfactcheck.com/government-executive/	high	center
http://harvardpolitics.com	harvardpolitics.com	http://mediabiasfactcheck.com/harvard-political-review/	high	center
https://www.newamerica.org	newamerica.org	https://mediabiasfactcheck.com/new-america/	high	center
http://www.euronews.com	euronews.com	http://mediabiasfactcheck.com/euronews/	high	center
http://www.financialexpress.com	financialexpress.com	http://mediabiasfactcheck.com/financial-express/	high	center
https://ivn.us	ivn.us	http://mediabiasfactcheck.com/independent-voter-network-ivn/	high	center
http://www.mcclatchydc.com	mcclatchydc.com	http://mediabiasfactcheck.com/mcclatchydc/	high	center
https://www.govtrack.us	govtrack.us	http://mediabiasfactcheck.com/govtrack/	high	center
http://www.ledevoir.com	ledevoir.com	https://mediabiasfactcheck.com/le-devoir/	high	center
http://www.healthcarefinancenews.com	healthcarefinancenews.com	https://mediabiasfactcheck.com/healthcare-finance-news/	high	center
http://www.janes.com	janes.com	http://mediabiasfactcheck.com/ihs-janes-360/	high	center
http://www.newbernsj.com	newbernsj.com	http://mediabiasfactcheck.com/new-bern-sun-journal/	high	center
https://www.ft.com	ft.com	http://mediabiasfactcheck.com/financial-times/	high	center
http://mediashift.org	mediashift.org	https://mediabiasfactcheck.com/mediashift/	high	center
https://limacharlienews.com	limacharlienews.com	https://mediabiasfactcheck.com/lima-charlie-news/	high	center
http://www.globalintegrity.org	globalintegrity.org	http://mediabiasfactcheck.com/global-integrity/	high	center
http://www.nber.org	nber.org	http://mediabiasfactcheck.com/national-bureau-of-economic-research-nber/	high	center
http://www.news24.com	news24.com	http://mediabiasfactcheck.com/news24-south-africa/	high	center
http://www.memeorandum.com	memeorandum.com	https://mediabiasfactcheck.com/memeorandum/	mixed	center
https://firstdraftnews.org	firstdraftnews.org	https://mediabiasfactcheck.com/first-draft-news/	high	center
http://indiatoday.intoday.in	indiatoday.intoday.in	https://mediabiasfactcheck.com/india-today/	high	center
http://www.factcheck.org	factcheck.org	http://mediabiasfactcheck.com/factcheck/	high	center
https://www.japantimes.co.jp	japantimes.co.jp	https://mediabiasfactcheck.com/japan-times/	high	center
http://www.hoax-slayer.com	hoax-slayer.com	http://mediabiasfactcheck.com/hoax-slayer/	high	center
https://www.followthemoney.org	followthemoney.org	https://mediabiasfactcheck.com/national-institute-money-state-politics/	high	center
http://mentalfloss.com	mentalfloss.com	http://mediabiasfactcheck.com/mental-floss/	high	center
https://iwpr.org	iwpr.org	https://mediabiasfactcheck.com/institute-for-womens-policy-research-iwpr/	high	center
https://www.foreignaffairs.com	foreignaffairs.com	http://mediabiasfactcheck.com/foreign-affairs/	high	center
http://www.jta.org	jta.org	https://mediabiasfactcheck.com/jewish-telegraphic-agency-jta/	high	center
http://www.homelandsecuritynewswire.com	homelandsecuritynewswire.com	https://mediabiasfactcheck.com/homeland-security-news-wire/	high	center
https://www.nationaljournal.com	nationaljournal.com	http://mediabiasfactcheck.com/national-journal/	high	center
http://listverse.com	listverse.com	http://mediabiasfactcheck.com/listverse/	high	center
http://foreignpolicy.com	foreignpolicy.com	http://mediabiasfactcheck.com/foreign-policy/	high	center
http://en.mercopress.com	en.mercopress.com	http://mediabiasfactcheck.com/mercopress/	high	center
https://www.guampdn.com	guampdn.com	https://mediabiasfactcheck.com/pacific-daily-news/	high	center
http://www.nationmaster.com	nationmaster.com	https://mediabiasfactcheck.com/nationmaster/	high	center
http://www.i24news.tv	i24news.tv	http://mediabiasfactcheck.com/i24-news/	high	center
http://www.newsnow.co.uk/h	newsnow.co.uk	http://mediabiasfactcheck.com/newsnow-uk/	mixed	center
https://www.icij.org	icij.org	http://mediabiasfactcheck.com/international-consortium-of-investigative-journalists/	high	center
http://merionwest.com	merionwest.com	https://mediabiasfactcheck.com/merion-west/	high	center
https://patch.com	patch.com	https://mediabiasfactcheck.com/patch/	high	center
http://daily.jstor.org	daily.jstor.org	http://mediabiasfactcheck.com/jstore-daily/	high	center
https://niskanencenter.org	niskanencenter.org	https://mediabiasfactcheck.com/niskanen-center/	high	center
https://ffrf.org	ffrf.org	https://mediabiasfactcheck.com/freedom-religion-foundation-ffrf/	high	center
https://www.rferl.org	rferl.org	https://mediabiasfactcheck.com/radio-free-europe-radio-liberty/	high	center
http://www.nzherald.co.nz	nzherald.co.nz	https://mediabiasfactcheck.com/new-zealand-herald/	high	center
https://www.iea.org	iea.org	http://mediabiasfactcheck.com/international-energy-agency-iea/	high	center
https://shorensteincenter.org	shorensteincenter.org	https://mediabiasfactcheck.com/shorenstein-center/	high	center
https://www.stripes.com	stripes.com	http://mediabiasfactcheck.com/stars-and-stripes/	high	center
https://www.nknews.org	nknews.org	https://mediabiasfactcheck.com/nk-news/	high	center
http://www.rollcall.com	rollcall.com	http://mediabiasfactcheck.com/roll-call/	high	center
http://www.poynter.org	poynter.org	http://mediabiasfactcheck.com/poynter-institute/	high	center
https://www.justsecurity.org	justsecurity.org	https://mediabiasfactcheck.com/just-security/	high	center
http://www.patheos.com	patheos.com	http://mediabiasfactcheck.com/patheos/	mixed	center
https://www.rand.org	rand.org	https://mediabiasfactcheck.com/rand-corporation/	high	center
http://www.nextavenue.org	nextavenue.org	http://mediabiasfactcheck.com/next-avenue/	high	center
http://www.texasstandard.org	texasstandard.org	https://mediabiasfactcheck.com/texas-standard/	high	center
http://www.simplepolitics.co.uk	simplepolitics.co.uk	https://mediabiasfactcheck.com/simple-politics/	high	center
https://www.statnews.com	statnews.com	http://mediabiasfactcheck.com/stat-news/	high	center
https://www.noozhawk.com	noozhawk.com	https://mediabiasfactcheck.com/noozhawk/	high	center
https://www.rte.ie	rte.ie	https://mediabiasfactcheck.com/rte-radio-television-ireland/	high	center
http://prnewswire.mediaroom.com	prnewswire.mediaroom.com	https://mediabiasfactcheck.com/pr-newswire/	high	center
https://www.thecipherbrief.com	thecipherbrief.com	https://mediabiasfactcheck.com/the-cipher-brief/	high	center
pnj.com	pnj.com	https://mediabiasfactcheck.com/pensacola-news-journal/	high	center
https://www.texastribune.org	texastribune.org	http://mediabiasfactcheck.com/texas-tribune/	high	center
http://www.nextgov.com	nextgov.com	http://mediabiasfactcheck.com/nextgov/	high	center
http://www.northkoreatimes.com	northkoreatimes.com	https://mediabiasfactcheck.com/north-korea-times/	mixed	center
http://www.russialies.com	russialies.com	https://mediabiasfactcheck.com/russian-media-monitor/	high	center
https://www.procon.org	procon.org	https://mediabiasfactcheck.com/procon-org/	high	center
http://stimson.org	stimson.org	http://mediabiasfactcheck.com/stimson-center/	high	center
http://www.pgpf.org	pgpf.org	http://mediabiasfactcheck.com/peterson-foundation/	high	center
https://www.recode.net	recode.net	https://mediabiasfactcheck.com/recode/	high	center
http://www.thatsnonsense.com	thatsnonsense.com	http://mediabiasfactcheck.com/thats-nonsense/	high	center
https://theconversation.com	theconversation.com	http://mediabiasfactcheck.com/the-conversation/	high	center
https://stocknewsusa.com	stocknewsusa.com	http://mediabiasfactcheck.com/stock-news-usa/	high	center
http://pogo.org	pogo.org	http://mediabiasfactcheck.com/project-on-government-oversight/	high	center
http://auburnpub.com	auburnpub.com	https://mediabiasfactcheck.com/the-auburn-citizen/	high	center
relevantmagazine.com	relevantmagazine.com	https://mediabiasfactcheck.com/relevant-magazine/	high	center
https://piie.com	piie.com	http://mediabiasfactcheck.com/peterson-institute-for-international-economics/	high	center
http://www.snopes.com	snopes.com	http://mediabiasfactcheck.com/snopes/	high	center
http://www.theday.com	theday.com	https://mediabiasfactcheck.com/day-new-london/	high	center
https://www.thebalance.com	thebalance.com	https://mediabiasfactcheck.com/the-balance/	high	center
https://www.strategypage.com	strategypage.com	https://mediabiasfactcheck.com/strategypage/	high	center
http://reporterslab.org	reporterslab.org	http://mediabiasfactcheck.com/reporters-lab/	high	center
http://www.novinite.com	novinite.com	http://mediabiasfactcheck.com/novinite/	high	center
http://www.pewresearch.org	pewresearch.org	http://mediabiasfactcheck.com/pew-research/	high	center
http://www.heraldtribune.com	heraldtribune.com	https://mediabiasfactcheck.com/sarasota-herald-tribune/	high	center
https://www.project-syndicate.org	project-syndicate.org	https://mediabiasfactcheck.com/project-syndicate/	high	center
https://www.baxterbulletin.com	baxterbulletin.com	https://mediabiasfactcheck.com/the-baxter-bulletin/	high	center
heraldsun.com	heraldsun.com	https://mediabiasfactcheck.com/the-herald-sun-durham-north-carolina/	high	center
http://www.scmp.com	scmp.com	https://mediabiasfactcheck.com/south-china-morning-post/	high	center
https://www.stratfor.com	stratfor.com	http://mediabiasfactcheck.com/stratfor/	high	center
https://www.nolabels.org	nolabels.org	http://mediabiasfactcheck.com/no-labels/	high	center
https://placesjournal.org	placesjournal.org	http://mediabiasfactcheck.com/places-journal/	high	center
https://rsf.org/en	rsf.org	https://mediabiasfactcheck.com/reporters-without-borders/	high	center
http://www.sayfiereview.com	sayfiereview.com	https://mediabiasfactcheck.com/sayfie-review/	high	center
https://thehumanist.com	thehumanist.com	http://mediabiasfactcheck.com/the-humanist-magazine/	high	center
https://www.thebureauinvestigates.com	thebureauinvestigates.com	http://mediabiasfactcheck.com/the-bureau-of-investigative-journalism/	high	center
http://sunlightfoundation.com	sunlightfoundation.com	http://mediabiasfactcheck.com/sunlight-foundation/	high	center
dailynorthwestern.com	dailynorthwestern.com	https://mediabiasfactcheck.com/the-daily-northwestern/	high	center
https://represent.us	represent.us	http://mediabiasfactcheck.com/represent-us/	high	center
http://www.prri.org	prri.org	http://mediabiasfactcheck.com/public-religion-research-institute-prri/	high	center
http://www.taipeitimes.com	taipeitimes.com	https://mediabiasfactcheck.com/taipei-times/	high	center
https://www.ny1.com/	ny1.com	https://mediabiasfactcheck.com/spectrum-news-ny1/	high	center
http://www.openthegovernment.org	openthegovernment.org	http://mediabiasfactcheck.com/open-the-government/	high	center
http://www.reuters.com	reuters.com	http://mediabiasfactcheck.com/reuters/	high	center
http://www.politifact.com	politifact.com	http://mediabiasfactcheck.com/politifact/	high	center
https://www.taiwannews.com.tw	taiwannews.com.tw	https://mediabiasfactcheck.com/taiwan-news/	high	center
https://www.defconwarningsystem.com	defconwarningsystem.com	https://mediabiasfactcheck.com/defcon-warning-system/	high	center
http://spectrumreport.com	spectrumreport.com	https://mediabiasfactcheck.com/spectrum-report/	mixed	center
http://indianexpress.com	indianexpress.com	http://mediabiasfactcheck.com/the-indian-express/	high	center
http://www.scotusblog.com	scotusblog.com	http://mediabiasfactcheck.com/scotusblog/	high	center
http://taskandpurpose.com	taskandpurpose.com	http://mediabiasfactcheck.com/task-and-purpose/	high	center
http://outlook.monmouth.edu	outlook.monmouth.edu	http://mediabiasfactcheck.com/the-outlook-monmouth-university/	high	center
http://www.thejakartapost.com	thejakartapost.com	http://mediabiasfactcheck.com/the-jakarta-post/	high	center
http://www.sctimes.com	sctimes.com	http://mediabiasfactcheck.com/st-cloud-times/	high	center
http://thediplomat.com	thediplomat.com	http://mediabiasfactcheck.com/the-diplomat-magazine/	high	center
http://www.shareably.net	shareably.net	https://mediabiasfactcheck.com/shareably/	high	center
https://www.themarshallproject.org/#.qjbbuljBK	themarshallproject.org	http://mediabiasfactcheck.com/the-marshall-project/	high	center
https://www.thoughtco.com	thoughtco.com	https://mediabiasfactcheck.com/thoughtco/	high	center
http://www.viralthread.com	viralthread.com	https://mediabiasfactcheck.com/viral-thread/	mixed	center
https://en.wikinews.org/wiki/Main_Page	en.wikinews.org	https://mediabiasfactcheck.com/wikinews/	high	center
http://www.jpost.com	jpost.com	http://mediabiasfactcheck.com/the-jerusalem-post/	high	center
http://www.economist.com	economist.com	http://mediabiasfactcheck.com/the-economist/	high	center
http://memepoliceman.com	memepoliceman.com	http://mediabiasfactcheck.com/the-meme-policeman/	high	center
http://worldpress.org	worldpress.org	http://mediabiasfactcheck.com/world-press-review/	high	center
http://www.tvw.org	tvw.org	http://mediabiasfactcheck.com/tvw-washington-state/	high	center
http://www.phnompenhpost.com	phnompenhpost.com	http://mediabiasfactcheck.com/the-phnom-penh-post/	high	center
https://www.wikipedia.org	wikipedia.org	http://mediabiasfactcheck.com/wikipedia/	high	center
http://www.jordantimes.com	jordantimes.com	https://mediabiasfactcheck.com/the-jordan-times/	high	center
http://timesofsandiego.com	timesofsandiego.com	https://mediabiasfactcheck.com/times-san-diego/	high	center
http://www.wri.org	wri.org	https://mediabiasfactcheck.com/world-resources-institute-wri/	high	center
https://undark.org	undark.org	https://mediabiasfactcheck.com/undark/	high	center
http://www.voanews.com	voanews.com	http://mediabiasfactcheck.com/voice-of-america/	high	center
https://www.wikitribune.com	wikitribune.com	https://mediabiasfactcheck.com/wikitribune/	high	center
http://www.postandcourier.com	postandcourier.com	https://mediabiasfactcheck.com/the-post-and-courier/	high	center
http://www.wral.com	wral.com	http://mediabiasfactcheck.com/wral/	high	center
http://www.upi.com	upi.com	http://mediabiasfactcheck.com/united-press-international-upi/	high	center
http://www.todayifoundout.com	todayifoundout.com	https://mediabiasfactcheck.com/today-i-found-out/	high	center
http://themoderatevoice.com	themoderatevoice.com	http://mediabiasfactcheck.com/the-moderate-voice/	high	center
mywebtimes.com	mywebtimes.com	https://mediabiasfactcheck.com/the-times-illinois/	high	center
http://www.voiceofsandiego.org	voiceofsandiego.org	http://mediabiasfactcheck.com/voice-of-san-diego/	high	center
http://www.news.cn/english	news.cn	https://mediabiasfactcheck.com/xinhua-news-agency/	high	center
http://www.thejournal.ie	thejournal.ie	http://mediabiasfactcheck.com/thejournal-ie/	high	center
https://www.house.gov	house.gov	https://mediabiasfactcheck.com/united-states-house-representatives-house-gov/	high	center
http://www.mcall.com	mcall.com	https://mediabiasfactcheck.com/the-morning-call/	high	center
https://www.transparency.org	transparency.org	http://mediabiasfactcheck.com/transparency-international/	high	center
http://www.scotsman.com	scotsman.com	https://mediabiasfactcheck.com/the-scotsman/	high	center
https://www.vosizneias.com	vosizneias.com	https://mediabiasfactcheck.com/vos-iz-neias/	high	center
http://www.wionews.com	wionews.com	https://mediabiasfactcheck.com/wion-world-one-news/	mixed	center
gao.gov	gao.gov	https://mediabiasfactcheck.com/us-government-accountability-office-gao/	high	center
http://www.thenews.mx	thenews.mx	http://mediabiasfactcheck.com/the-news-mexico-city/	high	center
http://timesofindia.indiatimes.com	timesofindia.indiatimes.com	http://mediabiasfactcheck.com/times-of-india/	high	center
https://www.thenews.com.pk	thenews.com.pk	https://mediabiasfactcheck.com/the-news-international/	high	center
http://www.usafacts.org	usafacts.org	http://mediabiasfactcheck.com/usa-facts/	high	center
http://votesmart.org	votesmart.org	http://mediabiasfactcheck.com/votesmart/	high	center
http://www.theskimm.com	theskimm.com	http://mediabiasfactcheck.com/the-skimm/	high	center
http://trueviralnews.com	trueviralnews.com	https://mediabiasfactcheck.com/true-viral-news/	high	center
https://www.wilsoncenter.org	wilsoncenter.org	http://mediabiasfactcheck.com/woodrow-wilson-international-center-for-scholars/	high	center
https://sociable.co	sociable.co	https://mediabiasfactcheck.com/the-sociable/	high	center
http://warontherocks.com	warontherocks.com	http://mediabiasfactcheck.com/war-on-the-rocks/	high	center
https://www.weforum.org	weforum.org	https://mediabiasfactcheck.com/world-economic-forum/	high	center
https://www.thewrap.com	thewrap.com	https://mediabiasfactcheck.com/thewrap/	mixed	center
https://observatory.journalism.wisc.edu	observatory.journalism.wisc.edu	http://mediabiasfactcheck.com/the-observatory/	high	center
http://verafiles.org	verafiles.org	https://mediabiasfactcheck.com/vera-files/	high	center
http://wn.com	wn.com	http://mediabiasfactcheck.com/world-news/	high	center
http://www.thirdway.org	thirdway.org	http://mediabiasfactcheck.com/third-way/	high	center
http://truthbetold.news	truthbetold.news	http://mediabiasfactcheck.com/truth-be-told/	high	center
https://www.truthorfiction.com	truthorfiction.com	https://mediabiasfactcheck.com/truthorfiction-com/	high	center
https://capitalresearch.org	capitalresearch.org	https://mediabiasfactcheck.com/capital-research-center/	mixed	right
academia.org	academia.org	https://mediabiasfactcheck.com/accuracy-in-academia-aia/	mixed	right
http://bigleaguepolitics.com	bigleaguepolitics.com	https://mediabiasfactcheck.com/big-league-politics/	mixed	right
http://www.conservativedailynews.com	conservativedailynews.com	http://mediabiasfactcheck.com/conservative-daily-news/	mixed	right
https://americanmilitarynews.com	americanmilitarynews.com	https://mediabiasfactcheck.com/american-military-news/	high	right
http://citizensunited.org/index.aspx	citizensunited.org	http://mediabiasfactcheck.com/citizens-united/	mixed	right
https://aclj.org	aclj.org	https://mediabiasfactcheck.com/american-center-law-justice-aclj/	mixed	right
arizonadailyindependent.com	arizonadailyindependent.com	https://mediabiasfactcheck.com/arizona-daily-independent/	mixed	right
http://www.aim.org	aim.org	http://mediabiasfactcheck.com/accuracy-in-media-aim/	mixed	right
https://americanconsequences.com	americanconsequences.com	https://mediabiasfactcheck.com/american-consequences/	mixed	right
http://www.bizpacreview.com	bizpacreview.com	http://mediabiasfactcheck.com/bizpac-review/	mixed	right
http://www.city-journal.org	city-journal.org	http://mediabiasfactcheck.com/city-journal/	high	right
http://www.aina.org	aina.org	https://mediabiasfactcheck.com/assyrian-international-news-agency/	mixed	right
http://www.conservativehq.com	conservativehq.com	http://mediabiasfactcheck.com/conservative-hq/	mixed	right
https://www.whitehouse.gov/1600daily	whitehouse.gov	http://mediabiasfactcheck.com/1600-daily/	mixed	right
https://www.nccivitas.org	nccivitas.org	https://mediabiasfactcheck.com/civitas-institute/	mixed	right
https://bearingarms.com	bearingarms.com	https://mediabiasfactcheck.com/bearing-arms/	mixed	right
http://spectator.org	spectator.org	http://mediabiasfactcheck.com/american-spectator/	high	right
https://www.aei.org	aei.org	http://mediabiasfactcheck.com/american-enterprise-institute/	mixed	right
https://www.ac2news.com	ac2news.com	http://mediabiasfactcheck.com/against-crony-capitialism/	mixed	right
2ndvote.com	2ndvote.com	https://mediabiasfactcheck.com/2ndvote/	mixed	right
http://www.christianpost.com	christianpost.com	http://mediabiasfactcheck.com/christian-post/	mixed	right
http://brexitcentral.com	brexitcentral.com	https://mediabiasfactcheck.com/brexitcentral/	mixed	right
https://beinglibertarian.com	beinglibertarian.com	http://mediabiasfactcheck.com/being-libertarian/	high	right
http://alphanewsmn.com	alphanewsmn.com	https://mediabiasfactcheck.com/alpha-news/	mixed	right
https://amgreatness.com	amgreatness.com	https://mediabiasfactcheck.com/american-greatness/	mixed	right
http://www.americanthinker.com	americanthinker.com	http://mediabiasfactcheck.com/american-thinker/	mixed	right
https://conservativeopinion.com	conservativeopinion.com	https://mediabiasfactcheck.com/conservativeopinion-com/	mixed	right
https://ca-political.com	ca-political.com	https://mediabiasfactcheck.com/cambridge-analytica/	mixed	right
https://conservativetoday.com	conservativetoday.com	https://mediabiasfactcheck.com/conservative-today/	mixed	right
https://www.chroniclesmagazine.org	chroniclesmagazine.org	http://mediabiasfactcheck.com/chronicles-magazine-rockford/	mixed	right
http://www.colddeadhands.us	colddeadhands.us	http://mediabiasfactcheck.com/cold-dead-hands/	mixed	right
https://acculturated.com	acculturated.com	https://mediabiasfactcheck.com/acculturated/	high	right
http://www.beliefnet.com	beliefnet.com	https://mediabiasfactcheck.com/beliefnet/	mixed	right
americansforprosperity.org	americansforprosperity.org	http://mediabiasfactcheck.com/americans-for-prosperity/	mixed	right
http://awm.com	awm.com	http://mediabiasfactcheck.com/american-web-media-awm/	mixed	right
http://www.campaignlifecoalition.com	campaignlifecoalition.com	http://mediabiasfactcheck.com/campaign-life-coalition/	mixed	right
https://www.commentarymagazine.com	commentarymagazine.com	http://mediabiasfactcheck.com/commentary-magazine/	high	right
http://www.express.co.uk	express.co.uk	http://mediabiasfactcheck.com/daily-express/	mixed	right
altnewsmedia.net	altnewsmedia.net	https://mediabiasfactcheck.com/altnewsmedia-net/	high	right
https://www.alec.org	alec.org	https://mediabiasfactcheck.com/american-legislative-exchange-council-alec/	mixed	right
https://www.churchmilitant.com	churchmilitant.com	https://mediabiasfactcheck.com/church-militant/	mixed	right
http://biggovernment.news/index.html	biggovernment.news	http://mediabiasfactcheck.com/big-government-news/	mixed	right
http://www.ammoland.com	ammoland.com	http://mediabiasfactcheck.com/ammoland/	high	right
https://www.conservativereview.com	conservativereview.com	http://mediabiasfactcheck.com/conservative-review/	mixed	right
http://cowgernation.com	cowgernation.com	https://mediabiasfactcheck.com/cowger-nation/	mixed	right
https://conservativebase.com	conservativebase.com	http://mediabiasfactcheck.com/conservative-base/	mixed	right
http://www.americanlibertyreport.com	americanlibertyreport.com	https://mediabiasfactcheck.com/american-liberty-report/	mixed	right
citizenfreepress.com	citizenfreepress.com	https://mediabiasfactcheck.com/citizen-free-press/	mixed	right
https://www.hermancain.com	hermancain.com	https://mediabiasfactcheck.com/hermancain-com/	mixed	right
http://www.gopusa.com	gopusa.com	https://mediabiasfactcheck.com/gopusa/	mixed	right
http://crimeresearch.org	crimeresearch.org	http://mediabiasfactcheck.com/crime-prevention-research-center/	mixed	right
https://ijr.com	ijr.com	http://mediabiasfactcheck.com/independent-journal-review/	high	right
http://erlc.com	erlc.com	https://mediabiasfactcheck.com/ethics-religious-liberty-commission-erlc/	mixed	right
http://dcwhispers.com	dcwhispers.com	https://mediabiasfactcheck.com/dc-whispers/	mixed	right
http://firstinfreedomdaily.com	firstinfreedomdaily.com	https://mediabiasfactcheck.com/first-freedom-daily/	mixed	right
http://www.dailymail.co.uk/ushome/index.html	dailymail.co.uk	http://mediabiasfactcheck.com/daily-mail/	mixed	right
http://freewestmedia.com	freewestmedia.com	http://mediabiasfactcheck.com/free-west-media/	mixed	right
https://ifstudies.org	ifstudies.org	https://mediabiasfactcheck.com/institute-for-family-studies/	mixed	right
http://www.crisismagazine.com	crisismagazine.com	https://mediabiasfactcheck.com/crisis-magazine/	mixed	right
http://www.independentsentinel.com	independentsentinel.com	http://mediabiasfactcheck.com/independent-sentinel/	high	right
http://factsandlogic.org	factsandlogic.org	http://mediabiasfactcheck.com/facts-and-logic-about-the-middle-east-flame/	mixed	right
https://www.ff.org	ff.org	https://mediabiasfactcheck.com/frontiers-of-freedom/	mixed	right
https://www.firstthings.com	firstthings.com	https://mediabiasfactcheck.com/first-things-magazine/	mixed	right
http://www.dailysabah.com	dailysabah.com	http://mediabiasfactcheck.com/daily-sabah/	mixed	right
http://iwf.org	iwf.org	https://mediabiasfactcheck.com/independent-womens-forum-iwf/	mixed	right
http://www.investors.com	investors.com	http://mediabiasfactcheck.com/investors-business-daily/	mixed	right
http://www.faithwire.com	faithwire.com	https://mediabiasfactcheck.com/faithwire/	mixed	right
http://www.defenddemocracy.org	defenddemocracy.org	https://mediabiasfactcheck.com/foundation-defense-democracies/	high	right
http://www.foxnews.com	foxnews.com	http://mediabiasfactcheck.com/fox-news/	mixed	right
http://dailycaller.com	dailycaller.com	http://mediabiasfactcheck.com/daily-caller/	mixed	right
https://www.illinoispolicy.org	illinoispolicy.org	https://mediabiasfactcheck.com/illinois-policy-institute/	high	right
https://order-order.com	order-order.com	https://mediabiasfactcheck.com/guido-fawkes/	mixed	right
https://www.jewishpolicycenter.org	jewishpolicycenter.org	https://mediabiasfactcheck.com/jewish-policy-center/	high	right
http://dailysignal.com	dailysignal.com	http://mediabiasfactcheck.com/daily-signal/	mixed	right
http://freedomcrossroads.com	freedomcrossroads.com	https://mediabiasfactcheck.com/freedom-crossroads/	mixed	right
http://disobedientmedia.com	disobedientmedia.com	http://mediabiasfactcheck.com/disobedient-media/	mixed	right
http://www.hudson.org	hudson.org	http://mediabiasfactcheck.com/hudson-institute/	high	right
http://www.intellectualtakeout.org	intellectualtakeout.org	https://mediabiasfactcheck.com/intellectual-takeout/	mixed	right
http://knoxreport.com	knoxreport.com	http://mediabiasfactcheck.com/knox-report/	mixed	right
https://farleftwatch.com	farleftwatch.com	https://mediabiasfactcheck.com/far-left-watch/	high	right
https://www.gatestoneinstitute.org	gatestoneinstitute.org	http://mediabiasfactcheck.com/gatestone-institute/	mixed	right
http://www.freedomworks.org	freedomworks.org	http://mediabiasfactcheck.com/freedom-works/	mixed	right
http://humanevents.com	humanevents.com	http://mediabiasfactcheck.com/human-events/	mixed	right
http://www.drudgereport.com	drudgereport.com	http://mediabiasfactcheck.com/drudge-report/	mixed	right
http://dailysurge.com	dailysurge.com	http://mediabiasfactcheck.com/daily-surge/	mixed	right
http://ibleedredwhiteblue.com	ibleedredwhiteblue.com	https://mediabiasfactcheck.com/bleed-red-white-blue/	mixed	right
http://legalinsurrection.com	legalinsurrection.com	http://mediabiasfactcheck.com/legal-insurrection/	mixed	right
https://judicialnetwork.com	judicialnetwork.com	http://mediabiasfactcheck.com/judicial-crisis-network/	mixed	right
https://www.getreligion.org	getreligion.org	https://mediabiasfactcheck.com/get-religion/	mixed	right
freerepublic.com	freerepublic.com	https://mediabiasfactcheck.com/free-republic/	mixed	right
https://imprimis.hillsdale.edu	imprimis.hillsdale.edu	https://mediabiasfactcheck.com/imprimis-hillsdale-college/	mixed	right
https://www.dangerous.com	dangerous.com	https://mediabiasfactcheck.com/dangerous/	mixed	right
https://www.heartland.org	heartland.org	http://mediabiasfactcheck.com/heartland-institute/	mixed	right
http://ipatriot.com	ipatriot.com	https://mediabiasfactcheck.com/ipatriot/	mixed	right
http://libertyhangout.org	libertyhangout.org	http://mediabiasfactcheck.com/liberty-hangout/	mixed	right
https://kansaspolicy.org	kansaspolicy.org	https://mediabiasfactcheck.com/kansas-policy-institute-kpi/	mixed	right
https://www.gop.com	gop.com	http://mediabiasfactcheck.com/gop-com/	mixed	right
https://offgridsurvival.com	offgridsurvival.com	https://mediabiasfactcheck.com/offgrid-survival/	mixed	right
https://pjmedia.com	pjmedia.com	http://mediabiasfactcheck.com/pj-media/	mixed	right
http://www.libertyheadlines.com	libertyheadlines.com	https://mediabiasfactcheck.com/liberty-headlines/	mixed	right
https://www.populistwire.com	populistwire.com	https://mediabiasfactcheck.com/populist-wire/	mixed	right
http://louderwithcrowder.com	louderwithcrowder.com	http://mediabiasfactcheck.com/louder-with-crowder/	mixed	right
http://www.heritage.org	heritage.org	http://mediabiasfactcheck.com/heritage-foundation/	mixed	right
http://observer.com	observer.com	http://mediabiasfactcheck.com/new-york-observer/	high	right
https://regated.com	regated.com	http://mediabiasfactcheck.com/regated-news/	mixed	right
https://www.libertynation.com	libertynation.com	https://mediabiasfactcheck.com/liberty-nation/	mixed	right
http://www.powerlineblog.com	powerlineblog.com	http://mediabiasfactcheck.com/power-line/	high	right
http://www.oann.com	oann.com	http://mediabiasfactcheck.com/one-america-news-network/	mixed	right
http://www.nationalcenter.org	nationalcenter.org	https://mediabiasfactcheck.com/national-center-public-policy-research-ncppr/	mixed	right
https://renewedright.com	renewedright.com	https://mediabiasfactcheck.com/renewedright-com/	mixed	right
http://www.thepoliticalinsider.com	thepoliticalinsider.com	http://mediabiasfactcheck.com/political-insider/	mixed	right
https://www.mediacircus.com	mediacircus.com	https://mediabiasfactcheck.com/media-circus/	mixed	right
http://www.lifenews.com	lifenews.com	http://mediabiasfactcheck.com/life-news/	mixed	right
http://www.onenewsnow.com	onenewsnow.com	http://mediabiasfactcheck.com/onenewsnow/	mixed	right
https://sentinelksmo.org	sentinelksmo.org	https://mediabiasfactcheck.com/sentinel-ksmo/	mixed	right
http://www.nationalreview.com	nationalreview.com	http://mediabiasfactcheck.com/national-review/	mixed	right
http://notliberal.com	notliberal.com	https://mediabiasfactcheck.com/not-liberal/	mixed	right
http://projectveritas.com	projectveritas.com	http://mediabiasfactcheck.com/project-veritas/	mixed	right
http://politichicks.com	politichicks.com	http://mediabiasfactcheck.com/politichicks/	mixed	right
https://mediaequalizer.com	mediaequalizer.com	https://mediabiasfactcheck.com/media-equalizer/	mixed	right
https://www.lifesitenews.com	lifesitenews.com	http://mediabiasfactcheck.com/life-site-news/	mixed	right
https://home.nra.org	home.nra.org	http://mediabiasfactcheck.com/national-rifle-association-nra/	mixed	right
https://ntknetwork.com	ntknetwork.com	https://mediabiasfactcheck.com/ntk-network/	mixed	right
http://www.restoreamericanglory.com	restoreamericanglory.com	https://mediabiasfactcheck.com/restore-american-glory/	high	right
https://www.tasnimnews.com/en	tasnimnews.com	https://mediabiasfactcheck.com/tasnim-news-agency/	mixed	right
http://www.mrc.org	mrc.org	http://mediabiasfactcheck.com/media-research-center-mrc/	mixed	right
http://sbgi.net	sbgi.net	https://mediabiasfactcheck.com/sinclair-broadcast-group/	mixed	right
http://www.opslens.com	opslens.com	https://mediabiasfactcheck.com/opslens/	mixed	right
http://newbostonpost.com	newbostonpost.com	https://mediabiasfactcheck.com/new-boston-post/	mixed	right
https://www.numbersusa.com	numbersusa.com	http://mediabiasfactcheck.com/numbers-usa/	mixed	right
http://politifeed.net	politifeed.net	https://mediabiasfactcheck.com/politifeed/	mixed	right
https://quadrant.org.au	quadrant.org.au	https://mediabiasfactcheck.com/quadrant-magazine/	mixed	right
https://ricochet.com	ricochet.com	https://mediabiasfactcheck.com/richochet/	mixed	right
http://www.lifezette.com	lifezette.com	http://mediabiasfactcheck.com/lifezette/	mixed	right
http://www.westernjournalism.com/thepoint	westernjournalism.com	http://mediabiasfactcheck.com/tea-party-news-tpnn/	mixed	right
http://patriotnewsdaily.com	patriotnewsdaily.com	https://mediabiasfactcheck.com/patriot-news-daily/	mixed	right
http://sonorannews.com	sonorannews.com	https://mediabiasfactcheck.com/sonoran-news/	mixed	right
http://www.newsbusters.org	newsbusters.org	http://mediabiasfactcheck.com/newsbusters/	mixed	right
politisite.com	politisite.com	https://mediabiasfactcheck.com/politisite/	high	right
en.mehrnews.com	en.mehrnews.com	https://mediabiasfactcheck.com/mehr-news-agency/	mixed	right
patriotretort.com	patriotretort.com	https://mediabiasfactcheck.com/patriotretort-com/	mixed	right
http://www.teapartypatriots.org	teapartypatriots.org	http://mediabiasfactcheck.com/tea-party-patriots/	high	right
http://spiked-online.com	spiked-online.com	http://mediabiasfactcheck.com/spiked-magazine/	mixed	right
http://theblacksphere.net	theblacksphere.net	http://mediabiasfactcheck.com/the-blacksphere-kevin-jackson/	mixed	right
http://thedailydefender.com	thedailydefender.com	https://mediabiasfactcheck.com/the-daily-defender/	mixed	right
http://www.newsmax.com	newsmax.com	http://mediabiasfactcheck.com/newsmax/	mixed	right
loneconservative.com	loneconservative.com	https://mediabiasfactcheck.com/lone-conservative/	mixed	right
http://www.thenewamerican.com	thenewamerican.com	http://mediabiasfactcheck.com/the-new-american/	mixed	right
http://redalertpolitics.com	redalertpolitics.com	http://mediabiasfactcheck.com/red-alert-politics/	mixed	right
savejersey.com	savejersey.com	https://mediabiasfactcheck.com/save-jersey/	high	right
http://www.therebel.media	therebel.media	http://mediabiasfactcheck.com/the-rebel/	mixed	right
http://www.teapartytribune.com	teapartytribune.com	http://mediabiasfactcheck.com/tea-party-tribune/	high	right
http://www.standpointmag.co.uk	standpointmag.co.uk	https://mediabiasfactcheck.com/standpoint-magazine/	mixed	right
http://www.torontosun.com	torontosun.com	http://mediabiasfactcheck.com/toronto-sun/	high	right
http://www.theblaze.com	theblaze.com	http://mediabiasfactcheck.com/the-blaze/	mixed	right
https://unitynewsnetwork.co.uk	unitynewsnetwork.co.uk	https://mediabiasfactcheck.com/unity-news-network/	mixed	right
http://www.dailytelegraph.com.au	dailytelegraph.com.au	http://mediabiasfactcheck.com/the-daily-telegraph-australia/	mixed	right
http://www.washingtonexaminer.com	washingtonexaminer.com	http://mediabiasfactcheck.com/washington-examiner/	high	right
http://www.wnd.com	wnd.com	http://mediabiasfactcheck.com/world-net-daily-wnd/	mixed	right
https://www.unwatch.org	unwatch.org	https://mediabiasfactcheck.com/un-watch/	mixed	right
http://carepublican.com	carepublican.com	https://mediabiasfactcheck.com/the-california-republican/	high	right
http://townhall.com	townhall.com	http://mediabiasfactcheck.com/townhall/	mixed	right
http://www.dailywire.com	dailywire.com	http://mediabiasfactcheck.com/the-daily-wire/	mixed	right
http://theresurgent.com	theresurgent.com	https://mediabiasfactcheck.com/the-resurgent/	mixed	right
https://patriotpost.us	patriotpost.us	http://mediabiasfactcheck.com/the-patriot-post/	mixed	right
http://freebeacon.com	freebeacon.com	http://mediabiasfactcheck.com/washington-free-beacon/	mixed	right
https://thecitizenpress.com	thecitizenpress.com	https://mediabiasfactcheck.com/the-citizen-press/	mixed	right
https://world.wng.org	world.wng.org	http://mediabiasfactcheck.com/world-magazine/	mixed	right
http://tribunist.com	tribunist.com	http://mediabiasfactcheck.com/tribunist/	mixed	right
http://thefederalist.com	thefederalist.com	http://mediabiasfactcheck.com/the-federalist/	high	right
http://therightscoop.com	therightscoop.com	http://mediabiasfactcheck.com/the-right-scoop/	mixed	right
http://www.thepostemail.com	thepostemail.com	http://mediabiasfactcheck.com/the-post-email/	mixed	right
http://www.weaselzippers.us	weaselzippers.us	http://mediabiasfactcheck.com/weasel-zippers/	mixed	right
https://www.trtworld.com	trtworld.com	https://mediabiasfactcheck.com/trt-world/	mixed	right
http://worldtribune.com	worldtribune.com	http://mediabiasfactcheck.com/world-tribune/	high	right
http://thehayride.com	thehayride.com	https://mediabiasfactcheck.com/the-hayride/	high	right
thepostmillennial.com	thepostmillennial.com	https://mediabiasfactcheck.com/the-post-millennial/	high	right
http://www.ronpaulinstitute.org	ronpaulinstitute.org	http://mediabiasfactcheck.com/the-ron-paul-institute/	mixed	right
http://www.weeklystandard.com	weeklystandard.com	http://mediabiasfactcheck.com/weekly-standard/	high	right
http://ussanews.com	ussanews.com	https://mediabiasfactcheck.com/ussa-news/	mixed	right
http://www.tehrantimes.com	tehrantimes.com	https://mediabiasfactcheck.com/tehran-times/	mixed	right
https://theconservativetreehouse.com	theconservativetreehouse.com	https://mediabiasfactcheck.com/the-last-refuge/	mixed	right
https://www.turningpoint.news	turningpoint.news	https://mediabiasfactcheck.com/turning-point-usa/	mixed	right
http://yellowhammernews.com	yellowhammernews.com	http://mediabiasfactcheck.com/yellowhammer-news/	high	right
https://www.thesun.co.uk	thesun.co.uk	http://mediabiasfactcheck.com/the-sun/	mixed	right
https://www.conservativewoman.co.uk	conservativewoman.co.uk	https://mediabiasfactcheck.com/the-conservative-woman/	mixed	right
https://www.yaf.org	yaf.org	https://mediabiasfactcheck.com/young-americas-foundation-yaf/	high	right
http://www.adelaidenow.com.au	adelaidenow.com.au	https://mediabiasfactcheck.com/the-advertiser/	mixed	right
https://westernfreepress.com	westernfreepress.com	https://mediabiasfactcheck.com/western-free-press/	mixed	right
http://twitchy.com	twitchy.com	http://mediabiasfactcheck.com/twitchy/	mixed	right
http://tennesseestar.com	tennesseestar.com	https://mediabiasfactcheck.com/the-tennessee-star/	high	right
https://www.westernjournal.com	westernjournal.com	http://mediabiasfactcheck.com/western-journalism/	mixed	right
http://www.youngcons.com	youngcons.com	http://mediabiasfactcheck.com/young-conservatives/	mixed	right
http://www.thetruthaboutguns.com	thetruthaboutguns.com	https://mediabiasfactcheck.com/the-truth-about-guns/	high	right
https://lozierinstitute.org	lozierinstitute.org	http://mediabiasfactcheck.com/lozier-institute/	low	right
https://americanprinciplesproject.org	americanprinciplesproject.org	https://mediabiasfactcheck.com/american-principles-project/	low	right
https://www.10news.one	10news.one	https://mediabiasfactcheck.com/10news-one/	low	right
http://cernovich.com	cernovich.com	https://mediabiasfactcheck.com/cerno-cernovich-com/	low	right
http://www.barenakedislam.com	barenakedislam.com	http://mediabiasfactcheck.com/bare-naked-islam/	low	right
http://conservativefighters.com	conservativefighters.com	http://mediabiasfactcheck.com/conservative-fighters/	low	right
http://christianaction.org	christianaction.org	https://mediabiasfactcheck.com/christian-action-network/	low	right
http://www.amren.com	amren.com	http://mediabiasfactcheck.com/american-renaissance-magazine/	low	right
http://100percentfedup.com	100percentfedup.com	http://mediabiasfactcheck.com/100-percent-fed-up/	low	right
http://conservativefiringline.com	conservativefiringline.com	https://mediabiasfactcheck.com/conservative-firing-line/	low	right
https://www.acpeds.org	acpeds.org	http://mediabiasfactcheck.com/american-college-of-pediatricians/	low	right
https://bluntforcetruth.com	bluntforcetruth.com	https://mediabiasfactcheck.com/blunt-force-truth/	low	right
http://www.tfp.org	tfp.org	https://mediabiasfactcheck.com/american-society-defense-tradition-family-property/	low	right
http://www.conservativefreepress.com	conservativefreepress.com	https://mediabiasfactcheck.com/conservative-free-press/	low	right
https://clarionproject.org	clarionproject.org	http://mediabiasfactcheck.com/clarion-project/	low	right
http://www.americanpatriotdaily.com	americanpatriotdaily.com	http://mediabiasfactcheck.com/american-patriot-daily/	low	right
http://clashdaily.com	clashdaily.com	http://mediabiasfactcheck.com/clash-daily/	low	right
http://americantoday.news	americantoday.news	http://mediabiasfactcheck.com/american-today/	low	right
https://conservativemedia.com	conservativemedia.com	https://mediabiasfactcheck.com/conservative-media/	low	right
http://conservativepost.com	conservativepost.com	http://mediabiasfactcheck.com/conservative-post/	low	right
http://www.afa.net	afa.net	http://mediabiasfactcheck.com/american-family-association/	low	right
https://ageofshitlords.com	ageofshitlords.com	http://mediabiasfactcheck.com/age-of-shitlords/	low	right
http://www.bipartisanreport.com	bipartisanreport.com	http://mediabiasfactcheck.com/bipartisan-report/	low	left
https://www.debka.com	debka.com	https://mediabiasfactcheck.com/debkafile/	low	right
http://www.breitbart.com	breitbart.com	http://mediabiasfactcheck.com/breitbart/	low	right
http://www.cnsnews.com	cnsnews.com	http://mediabiasfactcheck.com/cns-news/	low	right
http://allenwestrepublic.com	allenwestrepublic.com	http://mediabiasfactcheck.com/allen-west-republic/	low	right
http://defiantamerica.com	defiantamerica.com	https://mediabiasfactcheck.com/defiant-america/	low	right
http://rickwells.us	rickwells.us	http://mediabiasfactcheck.com/constitution-rising/	low	right
http://www.americanjournalreview.com	americanjournalreview.com	https://mediabiasfactcheck.com/american-journal-review/	low	right
https://concernedwomen.org/blog	concernedwomen.org	https://mediabiasfactcheck.com/concerned-women-america/	low	right
http://canadafreepress.com	canadafreepress.com	http://mediabiasfactcheck.com/canada-free-press/	low	right
http://www.conservapedia.com/Main_Page	conservapedia.com	http://mediabiasfactcheck.com/conservapedia/	low	right
https://www.adflegal.org	adflegal.org	https://mediabiasfactcheck.com/alliance-defending-freedom/	low	right
http://www.blingnews.com	blingnews.com	https://mediabiasfactcheck.com/blingnews-com/	low	right
http://allnewspipeline.com	allnewspipeline.com	http://mediabiasfactcheck.com/all-news-pipeline/	low	right
https://americanlookout.com	americanlookout.com	http://mediabiasfactcheck.com/american-lookout/	low	right
http://democraticmoms.com	democraticmoms.com	http://mediabiasfactcheck.com/democratic-moms/	low	left
http://conservativebyte.com	conservativebyte.com	https://mediabiasfactcheck.com/conservative-byte/	low	right
http://www.discoverthenetworks.org	discoverthenetworks.org	http://mediabiasfactcheck.com/discover-the-networks/	low	right
http://www.censored.news	censored.news	http://mediabiasfactcheck.com/censored-news/	low	right
https://www.avoiceformen.com	avoiceformen.com	http://mediabiasfactcheck.com/a-voice-for-men/	low	right
http://dailyheadlines.net	dailyheadlines.net	http://mediabiasfactcheck.com/daily-headlines/	low	right
http://donaldtrumpnews.co	donaldtrumpnews.co	http://mediabiasfactcheck.com/donald-trump-news/	low	right
https://conservativedailypost.com	conservativedailypost.com	http://mediabiasfactcheck.com/conservative-daily-post/	low	right
http://cis.org	cis.org	http://mediabiasfactcheck.com/center-for-immigration-studies-cis/	low	right
http://bannedinformation.com	bannedinformation.com	https://mediabiasfactcheck.com/banned-information/	low	right
https://altright.com	altright.com	https://mediabiasfactcheck.com/altright-com/	low	right
http://researchantisemitism.ca	researchantisemitism.ca	https://mediabiasfactcheck.com/centre-for-research-of-radicalism-and-national-security-crrns/	low	right
https://hardnews.network	hardnews.network	https://mediabiasfactcheck.com/hard-news/	low	right
http://www.focusonthefamily.com	focusonthefamily.com	http://mediabiasfactcheck.com/focus-on-the-family/	low	right
http://downtrend.com	downtrend.com	http://mediabiasfactcheck.com/downtrend/	low	right
http://pamelageller.com	pamelageller.com	http://mediabiasfactcheck.com/geller-report/	low	right
http://profam.org	profam.org	https://mediabiasfactcheck.com/international-organization-for-the-family-iof/	low	right
http://en-volve.com	en-volve.com	http://mediabiasfactcheck.com/en-volve/	low	right
https://ghost.report	ghost.report	https://mediabiasfactcheck.com/ghost-report/	low	right
http://www.hoggwatch.com	hoggwatch.com	https://mediabiasfactcheck.com/hogg-watch/	low	right
http://freakoutnation.com	freakoutnation.com	http://mediabiasfactcheck.com/freakout-nation/	low	left
https://www.lewrockwell.com	lewrockwell.com	http://mediabiasfactcheck.com/lew-rockwell/	low	right
http://girlsjustwannahaveguns.com	girlsjustwannahaveguns.com	http://mediabiasfactcheck.com/girls-just-wanna-have-guns/	low	right
http://eaglerising.com	eaglerising.com	http://mediabiasfactcheck.com/eagle-rising/	low	right
factcheckingturkey.com	factcheckingturkey.com	https://mediabiasfactcheck.com/fact-checking-turkey/	low	right
https://myrightamerica.com	myrightamerica.com	https://mediabiasfactcheck.com/my-right-american/	low	right
http://jewwatch.com	jewwatch.com	http://mediabiasfactcheck.com/jew-watch/	low	right
http://www.magapill.com	magapill.com	https://mediabiasfactcheck.com/magapill/	low	right
http://www.frc.org	frc.org	http://mediabiasfactcheck.com/family-research-council/	low	right
https://www.jihadwatch.org	jihadwatch.org	http://mediabiasfactcheck.com/jihad-watch/	low	right
http://ihypocrite.net	ihypocrite.net	https://mediabiasfactcheck.com/i-hypocrite/	low	right
http://joeforamerica.com	joeforamerica.com	https://mediabiasfactcheck.com/joe-for-america/	low	right
http://www.nationaleconomicseditorial.com	nationaleconomicseditorial.com	http://mediabiasfactcheck.com/national-economics-editorial/	low	right
http://www.dailypresser.com	dailypresser.com	https://mediabiasfactcheck.com/daily-presser/	low	right
http://imowired.com	imowired.com	https://mediabiasfactcheck.com/imowired/	low	right
http://www.judicialwatch.org	judicialwatch.org	http://mediabiasfactcheck.com/judicial-watch/	low	right
http://www.nationalenquirer.com	nationalenquirer.com	https://mediabiasfactcheck.com/national-enquirer/	low	right
https://dailystormer.name	dailystormer.name	http://mediabiasfactcheck.com/daily-stormer/	low	right
meforum.org	meforum.org	https://mediabiasfactcheck.com/middle-east-forum/	low	right
https://infogalactic.com	infogalactic.com	https://mediabiasfactcheck.com/infogalactic/	low	right
https://www.memri.org	memri.org	https://mediabiasfactcheck.com/middle-east-media-research-institute-memri/	low	right
https://knightstemplarinternational.com	knightstemplarinternational.com	https://mediabiasfactcheck.com/knights-templar-international/	low	right
https://nationalvanguard.org	nationalvanguard.org	https://mediabiasfactcheck.com/national-vanguard/	low	right
http://www.usafortrumponline.com	usafortrumponline.com	https://mediabiasfactcheck.com/flex-mag/	low	right
http://www.hangthebankers.com	hangthebankers.com	http://mediabiasfactcheck.com/hang-the-bankers/	low	right
http://www.informationliberation.com	informationliberation.com	http://mediabiasfactcheck.com/information-liberation/	low	right
https://newswars.com	newswars.com	https://mediabiasfactcheck.com/newswars/	low	right
https://o4anews.com	o4anews.com	http://mediabiasfactcheck.com/overpasses-for-america/	low	right
http://www.molonlabemedia.com	molonlabemedia.com	http://mediabiasfactcheck.com/molon-labe-media/	low	right
http://ladylibertysnews.com	ladylibertysnews.com	http://mediabiasfactcheck.com/lady-liberty-news/	low	right
http://www.newswithviews.com	newswithviews.com	http://mediabiasfactcheck.com/news-with-views/	low	right
http://www.prideof-america.org	prideof-america.org	https://mediabiasfactcheck.com/prideof-america-org-american-news/	low	right
https://www.newnation.org	newnation.org	http://mediabiasfactcheck.com/new-nation-news/	low	right
http://freedomsfinalstand.com	freedomsfinalstand.com	http://mediabiasfactcheck.com/freedoms-final-stand/	low	right
http://www.staresattheworld.com	staresattheworld.com	https://mediabiasfactcheck.com/stares-at-the-world/	low	right
http://polipace.com	polipace.com	https://mediabiasfactcheck.com/polipace/	low	left
http://www.ruthinstitute.org	ruthinstitute.org	https://mediabiasfactcheck.com/ruth-institute/	low	right
https://patriotbeat.com	patriotbeat.com	https://mediabiasfactcheck.com/patriot-beat/	low	right
http://newsblaze.com	newsblaze.com	https://mediabiasfactcheck.com/news-blaze/	low	right
https://www.oathkeepers.org	oathkeepers.org	https://mediabiasfactcheck.com/oath-keepers/	low	right
http://www.frontpagemag.com	frontpagemag.com	http://mediabiasfactcheck.com/frontpage-magazine/	low	right
https://patribotics.blog	patribotics.blog	https://mediabiasfactcheck.com/patribotics-blog/	low	right
http://progresstribune.com	progresstribune.com	http://mediabiasfactcheck.com/progress-tribune/	low	left
shariawatch.org.uk	shariawatch.org.uk	https://mediabiasfactcheck.com/sharia-watch-uk/	low	right
http://www.renewamerica.com	renewamerica.com	https://mediabiasfactcheck.com/renew-america/	low	right
https://steadfastandloyal.com	steadfastandloyal.com	https://mediabiasfactcheck.com/steadfast-and-loyal/	low	right
http://www.fury.news	fury.news	http://mediabiasfactcheck.com/fury-news/	low	right
occupydemocrats.com	occupydemocrats.com	http://mediabiasfactcheck.com/occupy-democrats/	low	left
https://politicalmayhem.news	politicalmayhem.news	https://mediabiasfactcheck.com/political-mayhem-news/	low	right
http://www.patriotfires.com	patriotfires.com	http://mediabiasfactcheck.com/patriot-fires/	low	right
http://www.shtfplan.com	shtfplan.com	http://mediabiasfactcheck.com/shtfplan-com/	low	right
http://www.progressivestoday.com	progressivestoday.com	http://mediabiasfactcheck.com/progressives-today/	low	right
https://stonecoldtruth.com	stonecoldtruth.com	https://mediabiasfactcheck.com/stone-cold-truth/	low	right
https://redice.tv	redice.tv	https://mediabiasfactcheck.com/red-ice-tv/	low	right
http://takimag.com	takimag.com	https://mediabiasfactcheck.com/takis-magazine/	low	right
https://studionewsnetwork.com	studionewsnetwork.com	https://mediabiasfactcheck.com/studio-news-network/	low	right
http://www.returnofkings.com	returnofkings.com	http://mediabiasfactcheck.com/return-of-kings/	low	right
https://southafricatoday.net	southafricatoday.net	https://mediabiasfactcheck.com/south-africa-today/	low	right
http://patriotupdate.com	patriotupdate.com	http://mediabiasfactcheck.com/patriot-update/	low	right
https://subjectpolitics.com	subjectpolitics.com	http://mediabiasfactcheck.com/subject-politics/	low	right
https://www.teaparty.org	teaparty.org	http://mediabiasfactcheck.com/tea-party-inc/	low	right
http://rightalerts.com	rightalerts.com	https://mediabiasfactcheck.com/right-alerts/	low	right
http://oppositionreport.com	oppositionreport.com	http://mediabiasfactcheck.com/opposition-report/	low	left
https://swampdrain.com	swampdrain.com	http://mediabiasfactcheck.com/td-newswire/	low	right
http://www.dcclothesline.com	dcclothesline.com	http://mediabiasfactcheck.com/the-d-c-clothesline/	low	right
https://thehornnews.com	thehornnews.com	http://mediabiasfactcheck.com/the-horn-news/	low	right
http://speisa.com	speisa.com	https://mediabiasfactcheck.com/speisa/	low	right
http://personalliberty.com	personalliberty.com	http://mediabiasfactcheck.com/personal-liberty/	low	right
http://www.thedailybell.com	thedailybell.com	http://mediabiasfactcheck.com/the-daily-bell/	low	right
lastresistance.com	lastresistance.com	https://mediabiasfactcheck.com/the-last-resistance/	low	right
http://www.puppetstringnews.com	puppetstringnews.com	https://mediabiasfactcheck.com/puppet-string-news/	low	right
https://rightwingnews.com	rightwingnews.com	http://mediabiasfactcheck.com/right-wing-news/	low	right
http://www.thelibertyeagle.com	thelibertyeagle.com	https://mediabiasfactcheck.com/the-liberty-eagle/	low	right
https://rightwingtribune.com	rightwingtribune.com	https://mediabiasfactcheck.com/right-wing-tribune/	low	right
http://www.tmn.today	tmn.today		low	right
http://themillenniumreport.com	themillenniumreport.com	https://mediabiasfactcheck.com/the-millennium-report/	low	right
http://rinf.com	rinf.com	https://mediabiasfactcheck.com/rinf/	low	right
http://www.digifection.com	digifection.com	https://mediabiasfactcheck.com/the-times-of-america/	low	right
https://www.thereligionofpeace.com	thereligionofpeace.com	https://mediabiasfactcheck.com/the-religion-of-peace/	low	right
http://www.thenationalpatriot.com	thenationalpatriot.com	https://mediabiasfactcheck.com/the-national-patriot/	low	right
http://theduran.com	theduran.com	http://mediabiasfactcheck.com/the-duran/	low	right
http://theamericanmirror.com	theamericanmirror.com	http://mediabiasfactcheck.com/the-american-mirror/	low	right
https://thenationalpulse.com	thenationalpulse.com	https://mediabiasfactcheck.com/the-national-pulse/	low	right
https://remnantnewspaper.com	remnantnewspaper.com	https://mediabiasfactcheck.com/the-remnant-magazine/	low	right
http://thefederalistpapers.org	thefederalistpapers.org	http://mediabiasfactcheck.com/the-federalist-papers-project/	low	right
http://viralliberty.com	viralliberty.com	http://mediabiasfactcheck.com/viral-liberty/	low	right
http://www.truthrevolt.org	truthrevolt.org	http://mediabiasfactcheck.com/truth-revolt/	low	right
http://www.fairus.org	fairus.org	http://mediabiasfactcheck.com/the-federation-for-american-immigration-reform-fair/	low	right
http://truthuncensored.net	truthuncensored.net	https://mediabiasfactcheck.com/truth-uncensored/	low	right
https://mynewsguru.com	mynewsguru.com	https://mediabiasfactcheck.com/the-news-guru/	low	right
https://triggerreset.net	triggerreset.net	https://mediabiasfactcheck.com/triggerreset/	low	right
https://voiceofeurope.com	voiceofeurope.com	https://mediabiasfactcheck.com/voice-of-europe/	low	right
http://unclesamsmisguidedchildren.com	unclesamsmisguidedchildren.com	http://mediabiasfactcheck.com/uncle-sams-misguided-children/	low	right
https://freetelegraph.com	freetelegraph.com	https://mediabiasfactcheck.com/the-free-telegraph/	low	right
http://www.trueactivist.com	trueactivist.com	http://mediabiasfactcheck.com/true-activist/	low	left
http://thepeoplestruth.com	thepeoplestruth.com	https://mediabiasfactcheck.com/the-peoples-truth/	low	right
http://www.thegatewaypundit.com	thegatewaypundit.com	http://mediabiasfactcheck.com/the-gateway-pundit/	low	right
https://www.understandingthethreat.com	understandingthethreat.com	https://mediabiasfactcheck.com/understanding-the-threat/	low	right
http://www.usasupreme.com	usasupreme.com	http://mediabiasfactcheck.com/usa-supreme/	low	right
http://www.thegoldwater.com	thegoldwater.com	https://mediabiasfactcheck.com/the-goldwater/	low	right
http://www.unz.com	unz.com	https://mediabiasfactcheck.com/the-unz-report/	low	right
http://www.westernsentinel.com	westernsentinel.com	https://mediabiasfactcheck.com/western-sentinel/	low	right
http://www.uschronicle.com	uschronicle.com	http://mediabiasfactcheck.com/us-chronicle/	low	right
https://www.thepublicdiscourse.com	thepublicdiscourse.com	https://mediabiasfactcheck.com/witherspoon-institute/	low	right
http://www.vdare.com	vdare.com	http://mediabiasfactcheck.com/vdare/	low	right
